{
    "c_index": 0.8447717623799281,
    "loss": 13.486108528940301
}