{
    "c_index": 0.852010983202614,
    "loss": 13.599688580161647
}