{
    "c_index": 0.5738856329496459,
    "loss": 3.1677306451295553
}