{
    "c_index": 0.9055060595453078,
    "loss": 10.653316598189505
}