{
    "c_index": 0.8569287359383619,
    "loss": 13.002039708589253
}