{
    "c_index": 0.9513378696589756,
    "loss": 5.417875003814697
}