{
    "c_index": 0.6721695396139462,
    "loss": 14.445457207529168
}