{
    "c_index": 0.9594402639141221,
    "loss": 7.934246615359657
}