{
    "c_index": 0.851473224052417,
    "loss": 2.9777851355703255
}