{
    "c_index": 0.8482939000894651,
    "loss": 2.953840820412887
}