{
    "c_index": 0.9009425620634303,
    "loss": 2.8941936116469535
}