{
    "c_index": 0.900555363607532,
    "loss": 10.612166605497661
}