{
    "c_index": 0.955444315654763,
    "loss": 7.815149533121209
}