{
    "c_index": 0.5640617100544232,
    "loss": 14.439081292403372
}