{
    "c_index": 0.8417083985688678,
    "loss": 13.490842216893247
}